{
  "project_info": {
    "project_number": "872572192699",
    "firebase_url": "https://softec-app-default-rtdb.firebaseio.com",
    "project_id": "softec-app",
    "storage_bucket": "softec-app.appspot.com"
  },
  "client": [
    {
      "client_info": {
        "mobilesdk_app_id": "1:872572192699:android:8e7691fcd25cf9a27c269e",
        "android_client_info": {
          "package_name": "com.example.softecregisterationapp"
        }
      },
      "oauth_client": [
        {
          "client_id": "872572192699-tn67nhreiom1mi8mg6uke53m4s9br61u.apps.googleusercontent.com",
          "client_type": 3
        }
      ],
      "api_key": [
        {
          "current_key": "AIzaSyCx_JOUucMkwfx4aKpMYXv5oqiIrUstcuI"
        }
      ],
      "services": {
        "appinvite_service": {
          "other_platform_oauth_client": [
            {
              "client_id": "872572192699-tn67nhreiom1mi8mg6uke53m4s9br61u.apps.googleusercontent.com",
              "client_type": 3
            }
          ]
        }
      }
    },
    {
      "client_info": {
        "mobilesdk_app_id": "1:872572192699:android:2d9b1bb47c475e747c269e",
        "android_client_info": {
          "package_name": "pk.edu.test2.softecapp"
        }
      },
      "oauth_client": [
        {
          "client_id": "872572192699-tn67nhreiom1mi8mg6uke53m4s9br61u.apps.googleusercontent.com",
          "client_type": 3
        }
      ],
      "api_key": [
        {
          "current_key": "AIzaSyCx_JOUucMkwfx4aKpMYXv5oqiIrUstcuI"
        }
      ],
      "services": {
        "appinvite_service": {
          "other_platform_oauth_client": [
            {
              "client_id": "872572192699-tn67nhreiom1mi8mg6uke53m4s9br61u.apps.googleusercontent.com",
              "client_type": 3
            }
          ]
        }
      }
    }
  ],
  "configuration_version": "1"
}